SnapshotID,AsOfDate,NetLiquidatingValue,CashValue,OptionMarketValue,UnrealizedPnL,DayPnL,YtdPnL,TotalFeesYTD,StockBuyingPower,OptionBuyingPower,IntradayBuyingPower,DataQualityStatus,DataQualityIssues,SourcePath,SourceSHA256,ImportedAt
5c42f75f516a1242496a1813,2026-09-07,99497.23,91622.73,7874.5,210.5,0.0,-387.5,115.27,183193.16,90277.38,361109.52,COMPLETE,,2026-09-07-AccountStatement.csv,5f5dc4cd13b224d83ac817c7dcc9682eed06a6acdc44971657449195840bdea1,2026-09-11T19:36:45
b72c72d137af19d719e34ea5,2026-09-08,199180.31,195239.31,3941.0,-200.0,-292.5,-680.0,139.69,270195.22,183778.41,335113.64,QUARANTINED,NAV_JUMP_REQUIRES_EXTERNAL_FLOW_RECONCILIATION,2026-09-08-AccountStatement.csv,8a021521095612a8232b55612a819a759b480f6c188f069145e1f45e13760eb4,2026-09-11T19:36:46
d651a95a843796d34e2d5e98,2026-09-10,98852.45,94844.45,4008.0,-29.0,0.0,-990.0,157.55,162629.7,80300.45,321201.8,COMPLETE,,2026-09-10-AccountStatement.csv,389bdf46b28547d4a8c382fb5000141991a048b85cde5eb5eb5bf8ad1f093788,2026-09-11T19:36:46
a35852353048d5d39dafcccb,2026-09-11,98860.23,92775.73,6084.5,174.5,141.0,-946.5,193.27,185836.06,92775.73,371102.92,COMPLETE,,2026-09-11-AccountStatement.csv,f44c7aade65e30ab2192e786c25c9ab4f7854a6c2863b5bf92fe52480e04fac5,2026-09-11T19:36:46
a8b1be77dedf725931f1a36d,2026-09-14,98402.34,92982.84,5419.5,209.5,-444.0,-1390.5,207.16,186250.28,92982.84,371931.36,COMPLETE,,2026-09-14-AccountStatement.csv,bcb2fb35c349598136e5d4fb1896226be9a6eff5de186fb2582b5cebd23e58e6,2026-09-14T18:35:58
24198809b21170a1503ab949,2026-09-15,98417.51,96520.51,1897.0,97.0,22.5,-1368.0,214.49,195186.02,96520.51,386082.04,COMPLETE,,2026-09-15-AccountStatement.csv,a39cb742b594f3c02f87278defa7f6cc9688a1bb7504c7b6bc1e2cf3d17327da,2026-09-15T19:55:30
6976a80b4ff402e1e05a8753,2026-09-16,97708.32,94021.82,3686.5,-61.5,-675.5,-2043.5,248.18,182401.84,90559.82,362239.28,COMPLETE,,2026-09-16-AccountStatement.csv,3f949a508125b04d66b411163efb3ecfaac7eb13c6bbd8559f7d270e3886a6fb,2026-09-16T18:49:30
7f51595d203d38333ff6817e,2026-09-18,98167.95,91826.95,6341.0,291.0,0.0,-1572.0,260.05,184936.1,91826.95,367307.8,COMPLETE,,2026-09-18-AccountStatement.csv,971af2641bb14f1e60719eeaf0f39460b40a87087ac86e787b71014934f2cc28,2026-09-18T08:23:55
93d818173be827a8a202f9d3,2026-09-21,97792.55,90916.05,6876.5,208.5,0.0,-1933.5,273.95,183114.3,90916.05,363664.2,COMPLETE,,2026-09-21-AccountStatement.csv,8e5037623662f3b9540ea7a4f84d055d7363cff3abf9cb7abc01c5523cd94f38,2026-09-21T08:22:40
df1b0237357857ca58d46b25,2026-09-21,98061.59,90999.09,7062.5,382.5,279.0,-1654.5,283.91,181459.08,90088.44,360353.76,COMPLETE,,2026-09-21-AccountStatement_EOD.csv,176cde881354ec8095850a37972466443a2d455d6c6d58c8d4d8b12acf08bb26,2026-09-21T16:07:15
f1bde3dacf654fe240c0d06e,2026-09-22,97951.4,95851.4,2100.0,45.0,-105.5,-1760.0,288.6,191163.7,94940.75,379763.0,COMPLETE,,2026-09-22-AccountStatement.csv,76a125393d2d43369f99851de9e789fce0b219bdfa9bddfc8918c304128657ef,2026-09-22T20:11:03
dcc6f32ce03ac9a55c1b888c,2026-09-23,97155.8,91805.8,5350.0,-115.0,-785.0,-2545.0,299.2,176264.5,87491.15,349964.6,COMPLETE,,2026-09-23-AccountStatement.csv,039b836ccaa6a25e106a08ceae5a95f32ee16b60330887c6e439950b21073fe2,2026-09-23T18:56:36
9530bf94257e897934d706ab,2026-09-25,96749.38,88181.88,8567.5,-274.5,0.0,-2939.5,311.12,177453.16,88181.88,352727.52,COMPLETE,,2026-09-25-AccountStatement.csv,3f55fa0271cedf34fc1f8402f1fbd7e8a39e1d1fbd1bb53a31a85029d36dcb94,2026-09-25T09:05:28
d67b523b6d020bb4cab03ad6,2026-09-25,96182.61,92007.61,4175.0,240.0,-551.5,-3491.0,326.39,179026.62,89368.21,357472.84,COMPLETE,,2026-09-25-AccountStatement_EOD.csv,bfa44b23f1570711a3f332a3e2923bbbb7afad2c4696b4260c14492b0b756ae4,2026-09-28T08:10:50
88f71929a3675fe81b54b4ad,2026-09-28,96815.68,90140.68,6675.0,260.0,641.0,-2850.0,334.32,178125.76,89062.88,356477.52,COMPLETE,,2026-09-28-AccountStatement.csv,663b35597600035600bac8ded65c4d2d5f26164ce43d6ab7e1c69c8ee56414ef,2026-09-28T16:10:43
44e95bf011ba065b2a714913,2026-09-29,96440.88,88038.38,8402.5,172.5,-367.5,-3217.5,341.62,175963.76,87981.88,352153.52,COMPLETE,,2026-09-29-AccountStatement.csv,995397fa07a33f744d0dd7452195c05e319b07313ccb8bd1e2f02528e87253de,2026-09-29T20:12:00
ff07dfd29a5231c76324b901,2026-09-30,96211.59,90093.09,6118.5,78.5,-214.0,-3431.5,356.91,180073.18,90036.59,360372.36,COMPLETE,,2026-09-30-AccountStatement.csv,3d41e4592cbea570f708ceaa30e9461d1a15ef3a6d64807f127d0146607c9769,2026-09-30T19:59:02
ce74bbc9540459c4d8bed37b,2026-10-02,96374.66,90957.16,5417.5,428.5,0.0,-3256.5,368.84,159173.22,79586.61,323347.24,COMPLETE,,2026-10-02-AccountStatement.csv,9cdc32d6d6c03cb0d5106554c7bf41ca4496294f13e1316695a40b1833d708d7,2026-10-02T08:13:40
2bb06f8ead06e5ea81e4f375,2026-10-02,96387.19,90092.19,6295.0,-89.0,22.5,-3234.0,378.81,177683.98,88841.99,360368.76,COMPLETE,,2026-10-02-AccountStatement_EOD.csv,a2663a2deef9b9583858f49d8ab9d900a57ca7c2711418eecb45af07275bf1c3,2026-10-02T16:04:53
da6ec38414041272ced3b28e,2026-10-05,96516.38,89419.88,7096.5,-37.5,136.5,-3097.5,386.12,175148.06,87574.03,355296.92,COMPLETE,,2026-10-05-AccountStatement.csv,445549b90b72de7e1cb7d695ba03eb2ae54b4c596b252c58f20251c7ef9dbea1,2026-10-05T19:41:50
1d92f516c01d6b95d4b04837,2026-10-06,97743.23,90373.23,7370.0,170.0,1239.5,-1858.0,398.77,178246.06,89123.03,361492.92,COMPLETE,,2026-10-06-AccountStatement.csv,0392c47fff22c1965b9170434a85b3b63b25a0b8e278ec6f4b87b5a37f6f3876,2026-10-06T18:25:52
d3df7a3f43785442480375ff,2026-10-07,97705.86,88831.36,8874.5,554.5,-25.5,-1883.5,410.64,175162.32,87581.16,355325.44,COMPLETE,,2026-10-07-AccountStatement.csv,7e09a311f542b0a1fe8037dd3e8b490a1e114f029ccbc6a7637197146e2411e7,2026-10-07T17:55:13
