PositionID,RecommendationID,BrokerPositionID,Ticker,OptionStrategy,Expiration,Strike,Contracts,EntryPremium,EntryDate,Status,ExitDate,ExitReason,ExitPremium,CurrentUnderlying,CurrentPremium,PnLPct,AlphaVsSPY,LastReviewed,CurrentDTE,UnderlyingReturnPct,SPYReturnPct,PeakPremium,PeakPremiumDate,RecommendedStop,RecommendedStopDate,ProfitProtectionStatus,LockedProfitPct
P000001,,,A,Long Call,2026-11-20,145.0,1,8.45,2026-08-07T09:25:00,CLOSED,2026-08-12T09:57:04,BROKER_RECONCILED_CLOSE,13.05,156.3,13.05,0.5443786982248523,,2026-08-12T09:57:04,91.0,,-0.0137857900318133,,,,,,
P000002,,,IR,Long Call,2026-09-18,90.0,1,3.1,2026-08-07T09:25:00,CLOSED,2026-08-21T14:09:28,BROKER_RECONCILED_CLOSE,0.43,79.33,0.43,-0.8612903225806451,,2026-08-21T14:09:28,28.0,,-0.0137857900318133,,,,,,
P000003,,,NVDA,Long Call,2026-09-18,215.0,1,11.65,2026-07-27T09:25:00,CLOSED,2026-08-11T12:14:56,BROKER_RECONCILED_CLOSE,12.95,216.85,12.95,0.1115879828326179,,2026-08-11T12:14:56,28.0,,0.0318093872194184,,,,,,
P000004,,,PCG,Long Call,2026-09-18,18.0,1,1.05,2026-07-27T09:25:00,CLOSED,2026-08-21T14:09:36,BROKER_RECONCILED_CLOSE,0.99,17.96,0.99,-0.0571428571428571,,2026-08-21T14:09:36,28.0,,0.0318093872194184,,,,,,
P000005,,,TFC,Long Call,2026-10-16,45.0,1,7.05,2026-08-07T09:25:00,CLOSED,2026-08-21T14:09:43,BROKER_RECONCILED_CLOSE,6.15,50.23,6.15,-0.127659574468085,,2026-08-21T14:09:43,56.0,,-0.0137857900318133,,,,,,
P000006,,,TSN,Long Call,2026-09-18,52.5,1,9.45,2026-08-07T09:25:00,CLOSED,2026-08-10T12:06:02,BROKER_RECONCILED_CLOSE,6.0,58.4,6.0,-0.365079365079365,,2026-08-10T12:06:02,28.0,,-0.0137857900318133,,,,,,
P000007,,,PCG,Long Call,2026-10-16,18.0,1,1.22,2026-08-24T11:09:41,CLOSED,2026-08-26T11:02:37,BROKER_RECONCILED_CLOSE,1.33,18.22,1.33,0.0901639344262296,,2026-08-26T11:02:37,50.0,,0.0034186019097017,,,,,,
P000008,,,F,Long Call,2026-10-16,14.0,1,0.68,2026-08-24T11:08:54,CLOSED,2026-08-26T11:01:38,BROKER_RECONCILED_CLOSE,0.63,13.9,0.63,-0.0735294117647059,,2026-08-26T11:01:38,50.0,,0.0034186019097017,,,,,,
P000009,,,NVDA,Long Call,2026-10-16,220.0,1,8.3,2026-08-24T11:07:21,CLOSED,2026-08-26T11:01:59,BROKER_RECONCILED_CLOSE,8.9,209.66,8.9,0.0722891566265059,,2026-08-26T11:01:59,50.0,,0.0034186019097017,,,,,,
P000010,7dff85a6-4f3d-4f73-9727-974ef628184d,,CVX,Long Call,2026-10-16,210.0,1,4.35,2026-08-26T11:06:32,CLOSED,2026-08-28T10:39:23,BROKER_RECONCILED_CLOSE,4.2,,4.2,-0.0344827586206895,,2026-08-28T10:39:23,46.0,,0.0042684837092731,,,,,,
P000011,74636367-d278-4132-a14e-6ece15e0d9b9,,NOW,Long Call,2026-10-16,125.0,1,9.95,2026-08-26T11:10:37,CLOSED,2026-08-27T10:26:19,BROKER_RECONCILED_CLOSE,19.35,,19.35,0.9447236180904526,,2026-08-27T10:26:19,49.0,,,,,,,,
P000012,0dd74e5c-14df-49a2-93ca-5b34617fa89b,,VZ,Long Call,2026-10-16,50.0,1,1.82,2026-08-26T12:04:22,CLOSED,2026-08-27T09:31:01,BROKER_RECONCILED_CLOSE,1.26,,1.26,-0.3076923076923077,,2026-08-27T09:31:01,49.0,,,,,,,,
P000013,34a9ca33-a0b0-41ab-891a-39373a58720e,,AAPL,Long Call,2026-10-16,320.0,1,10.55,2026-08-31,CLOSED,2026-08-31T12:35:56,BROKER_RECONCILED_CLOSE,8.55,,8.55,-0.1895734597156397,,2026-08-31T12:35:56,45.0,,,,,,,,
P000014,cde441a1-227f-4f03-9015-5a211ddc84ec,5395050459.0,HAL,Long Call,2026-10-16,36.0,3,2.1367,2026-08-31,CLOSED,2026-09-08T11:13:07,BROKER_RECONCILED_CLOSE,2.52,37.07,2.52,0.179388776150138,,2026-09-08T11:13:07,38.0,,0.0040936053712275,2.45,2026-09-08T11:08:44,2.2,2026-09-08T11:08:44,RAISE STOP,0.0296251228529977
P000015,e9a7d014-9a92-44aa-a46f-f25d8f3e1af7,,HOOD,Long Call,2026-10-16,105.0,1,8.3,2026-08-31,CLOSED,2026-09-03T09:31:09,BROKER_RECONCILED_CLOSE,14.95,124.72,14.95,0.8012048192771082,,2026-09-03T09:31:09,43.0,,0.0079786193859592,,,,,,
P000016,4dd5ebe7-bf70-41ec-8935-92ae4c5ab96d,,KHC,Long Call,2026-10-16,25.0,3,1.25,2026-08-31,CLOSED,2026-09-03T09:47:06,BROKER_RECONCILED_CLOSE,1.09,25.42,1.09,-0.1279999999999999,,2026-09-03T09:47:06,43.0,,0.0079786193859592,,,,,,
P000017,a9e61172-9d3f-4d07-af57-52acfbcf6d15,,KO,Long Call,2026-10-16,90.0,3,1.75,2026-08-31,CLOSED,2026-09-01T10:55:13,BROKER_RECONCILED_CLOSE,1.58,88.0,1.58,-0.097142857142857,,2026-09-01T10:55:13,45.0,,-0.0068704778045759,,,,,,
P000018,4e740ec9-79d9-4b4f-b12d-b29abdc1503e,,PFE,Long Call,2026-10-16,28.0,3,1.2,2026-08-31,CLOSED,2026-09-01T09:33:03,BROKER_RECONCILED_CLOSE,1.64,28.55,1.64,0.3666666666666667,,2026-09-01T09:33:03,45.0,,-0.0068704778045759,,,,,,
P000019,46a94a83-abde-41cd-948b-65cee0e9bf09,,UBER,Long Call,2026-10-16,75.0,2,4.4,2026-08-31,CLOSED,2026-09-01T09:31:02,BROKER_RECONCILED_CLOSE,3.75,75.24,3.75,-0.1477272727272728,,2026-09-01T09:31:02,45.0,,-0.0068704778045759,,,,,,
P000020,80ca6695-cd9a-4c0e-a000-81dbb4c0f9a0,5392387277.0,BMY,Long Call,2026-10-16,67.5,3,2.07,2026-09-01T11:20:37,CLOSED,2026-09-04T13:59:40,BROKER_RECONCILED_CLOSE,1.75,68.09,1.75,-0.1545893719806763,,2026-09-04T13:59:40,42.0,,0.0149518233610753,,,,,,
P000021,b2112eb5-eaa2-4ae6-8512-dcacb10bf91a,5392391051.0,DVN,Long Call,2026-10-16,50.0,3,1.8,2026-09-01T10:50:09,CLOSED,2026-09-04T09:31:06,BROKER_RECONCILED_CLOSE,1.48,48.79,1.48,-0.1777777777777778,,2026-09-04T09:31:06,42.0,,0.0149518233610753,,,,,,
P000022,90b04366-093a-47e1-b783-7b0a95ec976d,5392389769.0,HPQ,Long Call,2026-10-16,30.0,3,1.99,2026-09-01T10:54:12,CLOSED,2026-09-02T09:31:03,BROKER_RECONCILED_CLOSE,2.96,,2.96,0.4874371859296482,,2026-09-02T09:31:03,44.0,,,,,,,,
P000023,a91e7505-150b-4182-8bff-86716e003029,5392387217.0,NVDA,Long Call,2026-10-16,220.0,1,9.3,2026-09-01T10:47:41,CLOSED,2026-09-02T10:25:23,BROKER_RECONCILED_CLOSE,12.55,,12.55,0.3494623655913977,,2026-09-02T10:25:23,44.0,,,,,,,,
P000024,9d0f2193-9ba1-4590-a081-e339c186fa74,5392385831.0,AAPL,Long Call,2026-10-16,330.0,1,9.45,2026-09-01T10:46:43,CLOSED,2026-09-01T11:04:24,BROKER_RECONCILED_CLOSE,8.7,,8.7,-0.0793650793650794,,2026-09-01T11:04:24,45.0,,,,,,,,
P000025,e9368c34-6e5e-4edb-bb43-437bd9bcff77,5393291292.0,OXY,Long Call,2026-11-20,60.0,2,4.4,2026-09-02T15:26:32,CLOSED,2026-09-04T09:34:56,BROKER_RECONCILED_CLOSE,3.7,60.61,3.7,-0.1590909090909091,,2026-09-04T09:34:56,77.0,,0.010468398766271,,,,,,
P000026,79bcc263-cfb0-4cab-b667-b82b63dfe9b7,5393292483.0,AAPL,Long Call,2026-11-20,340.0,1,10.85,2026-09-02T15:38:16,CLOSED,2026-09-02T15:38:20,BROKER_RECONCILED_SAME_DAY_CLOSE,10.85,,10.85,0.0,,2026-09-02T15:38:20,79.0,,,,,,,,
P000027,,5393290173.0,OXY,Long Call,2026-10-16,60.0,2,3.15,2026-09-02T15:22:32,CLOSED,2026-09-02T15:22:42,BROKER_RECONCILED_SAME_DAY_CLOSE,3.15,,3.15,0.0,,2026-09-02T15:22:42,44.0,,,,,,,,
P000028,4638fe2f-3f36-4c7d-890a-7ba2cef42a16,5393671804.0,AAPL,Long Call,2026-11-20,350.0,1,8.35,2026-09-03T10:59:25,CLOSED,2026-09-03T13:39:37,BROKER_RECONCILED_CLOSE,7.9,,7.9,-0.0538922155688621,,2026-09-03T13:39:37,78.0,,,,,,,,
P000029,9c41e022-fc5e-4a32-ad13-c39e08401f84,5393671854.0,NVDA,Long Call,2026-11-20,240.0,1,10.4,2026-09-03T10:59:26,CLOSED,2026-09-04T09:48:15,BROKER_RECONCILED_CLOSE,14.45,,14.45,0.3894230769230768,,2026-09-04T09:48:15,77.0,,,,,,,,
P000030,4796ab59-0079-4b0e-bc9d-e90de54cf7a4,5393677247.0,WFC,Long Call,2026-11-20,92.5,3,3.15,2026-09-03T11:01:40,CLOSED,2026-09-08T15:54:44,BROKER_RECONCILED_CLOSE,2.64,89.97,2.64,-0.161904761904762,,2026-09-08T15:54:44,73.0,,-0.0038542623226456,3.15,2026-09-08T11:08:44,2.52,2026-09-08T11:08:44,KEEP STOP,0.0
P000031,,5393293462.0,VZ,Long Call,2026-11-20,50.0,3,2.22,2026-09-03T09:40:33,CLOSED,2026-09-03T09:40:36,BROKER_RECONCILED_SAME_DAY_CLOSE,2.22,,2.22,0.0,,2026-09-03T09:40:36,78.0,,,,,,,,
P000032,876f92a1-e78d-483c-8f3e-8bea908e1cfa,5393679708.0,VZ,Long Call,2026-11-20,52.5,3,1.19,2026-09-03T11:02:25,CLOSED,2026-09-09T09:40:38,BROKER_RECONCILED_CLOSE,1.04,50.41,1.04,-0.126050420168067,,2026-09-09T09:40:38,72.0,,-0.0093252454182132,1.2,2026-09-09T10:36:13,0.95,2026-09-09T10:36:13,KEEP STOP,0.0
P000033,e384915b-cfa6-41bc-82fd-a5d26e60371d,5393683065.0,XOM,Long Call,2026-11-20,165.0,1,9.1,2026-09-03T11:04:14,CLOSED,2026-09-03T15:46:00,BROKER_RECONCILED_CLOSE,7.95,,7.95,-0.1263736263736263,,2026-09-03T15:46:00,78.0,,,,,,,,
P000034,d51bbc07-491b-4135-9b0a-f803f862771b,5393679787.0,FCX,Long Call,2026-11-20,75.0,2,5.7,2026-09-03T11:09:35,CLOSED,2026-09-08T09:45:40,BROKER_RECONCILED_CLOSE,8.0,72.73,8.0,0.403508771929825,,2026-09-08T09:45:40,73.0,,-0.0038542623226456,9.15,2026-09-08T11:08:44,7.78,2026-09-08T11:08:44,RAISE STOP,0.3649122807017544
P000035,,5391927590.0,DVN,Long Call,2026-10-16,50.0,3,1.39,2026-09-04T09:34:25,CLOSED,2026-09-04T10:15:44,BROKER_RECONCILED_SAME_DAY_CLOSE,1.15,,1.15,-0.1726618705035971,,2026-09-04T10:15:44,42.0,,,,,,,,
P000036,4422abc2-788d-4a86-b3db-eb445223fa35,5394292374.0,AAPL,Long Call,2026-11-20,330.0,1,11.25,2026-09-04T11:03:02,CLOSED,2026-09-09T10:32:08,BROKER_RECONCILED_CLOSE,10.0,316.22,10.0,-0.111111111111111,,2026-09-09T10:32:08,72.0,,-0.0054921512873447,11.25,2026-09-09T10:36:13,9.0,2026-09-09T10:36:13,KEEP STOP,0.0
P000037,f184dd06-4139-4536-8800-d603d785828b,5394293892.0,BAC,Long Call,2026-11-20,62.5,3,2.85,2026-09-04T11:04:14,CLOSED,2026-09-08T11:13:44,BROKER_RECONCILED_CLOSE,3.05,62.68,3.05,0.0701754385964912,,2026-09-08T11:13:44,73.0,,,3.02,2026-09-08T11:08:44,2.28,2026-09-08T11:08:44,KEEP STOP,0.0
P000038,eba78d37-baa5-4f23-a146-7b62176547c9,5394295291.0,DIS,Long Call,2026-11-20,110.0,3,3.8,2026-09-04T11:05:47,CLOSED,2026-09-08T11:14:03,BROKER_RECONCILED_CLOSE,3.55,105.31,3.55,-0.0657894736842105,,2026-09-08T11:14:03,73.0,,,3.8,2026-09-08T11:08:44,3.04,2026-09-08T11:08:44,KEEP STOP,0.0
P000039,da0c377a-27ee-4bbf-9954-60b60c1fea40,5394299134.0,MDT,Long Call,2026-11-20,90.0,1,6.3,2026-09-04T11:06:44,CLOSED,2026-09-08T10:21:21,BROKER_RECONCILED_CLOSE,5.3,94.17,5.3,-0.158730158730159,,2026-09-08T10:21:21,73.0,,,6.3,2026-09-08T11:08:44,5.04,2026-09-08T11:08:44,KEEP STOP,0.0
P000040,e0062003-b416-436a-9878-ff31bf58bce7,5394295239.0,KO,Long Call,2026-11-20,90.0,3,2.77,2026-09-04T11:31:42,CLOSED,2026-09-08T09:31:07,BROKER_RECONCILED_CLOSE,2.33,88.07,2.33,-0.15884476534296,,2026-09-08T09:31:07,73.0,,,2.77,2026-09-08T11:08:44,2.22,2026-09-08T11:08:44,KEEP STOP,0.0
P000041,2d4fb92f-5564-4ab7-a56b-9424d637c4f3,5395057734.0,C,Long Call,2026-11-20,140.0,1,6.4,2026-09-08T11:18:52,CLOSED,2026-09-09T09:31:54,BROKER_RECONCILED_CLOSE,5.1,136.74,5.1,-0.203125,,2026-09-09T09:31:54,72.0,,,6.63,2026-09-09T10:36:13,5.12,2026-09-09T10:36:13,KEEP STOP,0.0
P000042,cbf500bc-37f7-4f33-8326-4529f67cda48,5395055137.0,PFE,Long Call,2026-11-20,28.0,3,1.18,2026-09-08T11:16:44,CLOSED,2026-09-09T09:34:30,BROKER_RECONCILED_CLOSE,1.05,27.79,1.05,-0.110169491525424,,2026-09-09T09:34:30,72.0,,,1.19,2026-09-09T10:36:13,0.94,2026-09-09T10:36:13,KEEP STOP,0.0
P000043,b6bf3b2d-e116-4849-86de-b9f64c877a1d,5395060734.0,KDP,Long Call,2026-12-18,34.0,3,1.25,2026-09-08T11:20:34,CLOSED,2026-09-09T09:31:11,BROKER_RECONCILED_CLOSE,1.03,32.55,1.03,-0.176,,2026-09-09T09:31:11,100.0,,,1.25,2026-09-09T10:36:13,1.0,2026-09-09T10:36:13,KEEP STOP,0.0
P000044,eab0f58d-a199-4fc3-8d54-8c6150901375,5395057784.0,BMY,Long Call,2026-11-20,70.0,3,1.66,2026-09-08T11:19:45,CLOSED,2026-09-09T11:02:09,BROKER_RECONCILED_CLOSE,1.54,64.69,1.54,-0.072289156626506,,2026-09-09T11:02:09,72.0,,,1.66,2026-09-09T10:36:13,1.33,2026-09-09T10:36:13,KEEP STOP,0.0
P000045,63e05daa-4557-42c9-af8a-447a8598cd0c,5395055187.0,DVN,Long Call,2026-11-20,50.0,3,2.64,2026-09-08T11:27:52,CLOSED,2026-09-11T11:11:55,BROKER_RECONCILED_CLOSE,2.8,50.02,2.8,0.0606060606060607,,2026-09-11T11:11:55,70.0,,-0.010614131286229,3.23,2026-09-11T11:31:34,2.75,2026-09-11T11:31:34,KEEP STOP,0.0416666666666665
P000046,9bdbc5e6-aadf-4b98-b969-db41d5b7841e,5395673002.0,C,Long Call,2026-11-20,145.0,1,4.5,2026-09-09T11:15:29,CLOSED,2026-09-11T11:11:29,BROKER_RECONCILED_CLOSE,4.7,138.5,4.7,0.0444444444444445,,2026-09-11T11:11:29,70.0,,-0.0059942287513115,4.9,2026-09-11T11:31:34,3.6,2026-09-11T11:31:34,KEEP STOP,0.0
P000047,90de4d7e-2f18-438e-86c7-092ec8329280,5395726118.0,OXY,Long Call,2026-11-20,62.5,3,3.45,2026-09-09T11:52:53,CLOSED,2026-09-10T10:19:52,BROKER_RECONCILED_CLOSE,2.99,61.3,2.99,-0.133333333333333,,2026-09-10T10:19:52,71.0,,,3.45,2026-09-10T10:36:08,2.76,2026-09-10T10:36:08,KEEP STOP,0.0
P000048,b1662872-8d00-4491-acf9-befb562dd155,5395726164.0,NOW,Long Call,2026-11-20,140.0,1,11.1,2026-09-09T11:53:49,CLOSED,2026-09-10T12:09:37,BROKER_RECONCILED_CLOSE,11.35,131.11,11.35,0.0225225225225225,,2026-09-10T12:09:37,71.0,,,11.35,2026-09-10T12:09:37,8.88,2026-09-10T10:36:08,KEEP STOP,0.0
P000049,7f896a8d-6c04-4996-8bcc-b41b381232a6,5395727541.0,HPE,Long Call,2026-11-20,60.0,2,5.05,2026-09-09T11:54:30,CLOSED,2026-09-10T10:15:20,BROKER_RECONCILED_CLOSE,4.35,58.9,4.35,-0.138613861386139,,2026-09-10T10:15:20,71.0,,,5.88,2026-09-10T10:36:08,4.05,2026-09-10T10:36:08,RAISE STOP,-0.1980198019801979
P000050,fe764b3d-b8a9-493e-8d89-5f2f1af53115,5395727581.0,APH,Long Call,2026-11-20,85.0,1,5.85,2026-09-09T11:55:16,CLOSED,2026-09-10T09:31:24,BROKER_RECONCILED_CLOSE,4.85,81.34,4.85,-0.170940170940171,,2026-09-10T09:31:24,71.0,,,5.85,2026-09-10T10:36:08,4.68,2026-09-10T10:36:08,KEEP STOP,0.0
P000051,,5394295291.0,DIS,Short Call,2026-11-20,110.0,-3,3.15,2026-09-09T09:33:17,CLOSED,2026-09-10T09:31:17,BROKER_EXCEPTION_RESOLVED,3.55,,3.55,-0.126984126984127,,2026-09-10T09:31:17,71.0,,,,,,,BUY_TO_CLOSE_FILLED,
P000052,9a31e70f-6dc8-4dbf-8530-c8bde0b3993b,5396380364.0,INTC,Long Call,2026-11-20,105.0,1,10.8,2026-09-10T12:11:47,CLOSED,2026-09-11T11:15:54,BROKER_RECONCILED_CLOSE,11.7,100.32,11.7,0.0833333333333333,,2026-09-11T11:15:54,70.0,,,11.93,2026-09-11T11:31:34,11.03,2026-09-11T11:31:34,RAISE STOP,0.0212962962962961
P000053,5df17f48-0324-412c-ba9c-ce7e6baa56a4,5396384123.0,C,Long Call,2026-11-20,140.0,1,6.6,2026-09-10T12:14:15,CLOSED,2026-09-11T11:17:24,BROKER_RECONCILED_CLOSE,6.75,138.5,6.75,0.0227272727272728,,2026-09-11T11:17:24,70.0,,,6.95,2026-09-11T11:31:34,5.28,2026-09-11T11:31:34,KEEP STOP,0.0
P000054,ed1654da-1928-4fe3-b7a3-544d55a2cb46,5396384159.0,WFC,Long Call,2026-11-20,90.0,2,4.15,2026-09-10T12:14:59,CLOSED,2026-09-11T11:13:36,BROKER_RECONCILED_CLOSE,4.5,89.45,4.5,0.0843373493975903,,2026-09-11T11:13:36,70.0,,,4.63,2026-09-11T11:31:34,4.25,2026-09-11T11:31:34,RAISE STOP,0.0240963855421685
P000055,22c4d978-f283-4e15-ab7f-54616cb8d9bd,5396384190.0,FCX,Long Call,2026-11-20,70.0,1,6.85,2026-09-10T12:16:52,CLOSED,2026-09-11T11:12:20,BROKER_RECONCILED_CLOSE,7.7,71.21,7.7,0.124087591240876,,2026-09-11T11:12:20,70.0,,,7.7,2026-09-11T11:12:20,5.48,2026-09-11T11:31:34,KEEP STOP,0.0
P000056,b0647dee-27d9-46d4-9417-d9805d5a4020,5396380312.0,NVDA,Long Call,2026-11-20,230.0,1,10.75,2026-09-10T12:26:22,CLOSED,2026-09-11T11:15:27,BROKER_RECONCILED_CLOSE,10.85,218.36,10.85,0.0093023255813953,,2026-09-11T11:15:27,70.0,,,11.0,2026-09-11T11:31:34,8.6,2026-09-11T11:31:34,KEEP STOP,0.0
P000057,,5395057784.0,BMY,Short Call,2026-11-20,70.0,-3,1.39,2026-09-10T09:38:46,CLOSED,2026-09-11T09:31:10,BROKER_EXCEPTION_RESOLVED,1.24,,1.24,0.107913669064748,,2026-09-11T09:31:10,70.0,,,,,,,BUY_TO_CLOSE_FILLED,
P000058,,,HAL,Short Call,2026-10-16,36.0,-1,1.5,2026-09-11T11:09:17,CLOSED,2026-09-11T11:12:39,BROKER_EXCEPTION_RESOLVED,1.49,,1.49,0.0066666666666666,,2026-09-11T11:12:39,35.0,,,,,,,BUY_TO_CLOSE_FILLED,
P000059,cc83ef00-1600-4b7c-8c61-3b4eb47bf3c1,5396387309.0,XOM,Long Call,2026-11-20,170.0,1,6.5,2026-09-11T10:48:47,CLOSED,2026-09-15T10:52:04,BROKER_RECONCILED_CLOSE,7.85,165.08,7.85,0.2076923076923076,,2026-09-15T10:52:04,66.0,,-0.0044616572243519,8.98,2026-09-15T19:50:38,7.74,2026-09-15T19:50:38,RAISE STOP,0.1907692307692308
P000060,8bc4ce09-7bc3-470f-ba43-8d5066e05793,5396960061.0,AAPL,Long Call,2026-11-20,350.0,1,10.6,2026-09-11T11:35:40,CLOSED,2026-09-11T15:50:10,BROKER_RECONCILED_STOP,9.2,,9.2,-0.132075471698113,,2026-09-11T15:50:10,70.0,,,10.6,2026-09-11T11:35:40,9.18,2026-09-11T11:31:34,KEEP STOP,0.0
P000061,24b489ad-842c-4117-8c45-6e06d9d77749,5396962101.0,HPE,Long Call,2026-11-20,60.0,1,6.8,2026-09-11T11:50:31,CLOSED,2026-09-14T09:31:34,BROKER_RECONCILED_STOP,5.05,,5.05,-0.257352941176471,,2026-09-14T09:31:34,67.0,,,7.83,2026-09-14T10:37:20,5.71,2026-09-14T10:37:20,KEEP STOP,-0.1602941176470588
P000062,342e1877-9a77-48da-b42e-00b6a4247701,5396964733.0,SLB,Long Call,2026-11-20,57.5,3,3.2,2026-09-11T11:39:28,CLOSED,2026-09-14T09:39:50,BROKER_RECONCILED_STOP,2.66,,2.66,-0.16875,,2026-09-14T09:39:50,67.0,,,3.35,2026-09-14T10:37:20,2.66,2026-09-14T10:37:20,KEEP STOP,0.0
P000063,5acc4d84-2c0e-4285-82ef-20a864fda2e5,5396964721.0,XOM,Long Call,2026-11-20,165.0,1,9.0,2026-09-11T11:38:59,CLOSED,2026-09-14T11:04:23,BROKER_RECONCILED_CLOSE,10.3,,10.3,0.144444444444444,,2026-09-14T11:04:23,67.0,,,10.35,2026-09-14T10:37:20,9.27,2026-09-14T10:37:20,RAISE STOP,0.03
P000064,0d9e1f6a-774e-4902-90d8-f12aa4acd100,5396962178.0,VZ,Long Call,2026-11-20,50.0,3,2.35,2026-09-11T11:38:24,CLOSED,2026-09-16T11:53:29,BROKER_RECONCILED_CLOSE,2.24,51.45,2.24,-0.0468085106382978,,2026-09-16T11:53:29,65.0,,-0.0090279867589527,2.69,2026-09-16T10:37:16,2.42,2026-09-16T10:37:16,KEEP STOP,0.0297872340425531
P000065,cc00126a-e8db-4e26-90e3-68255dcbaa7e,5396962157.0,HOOD,Long Call,2026-11-20,120.0,1,11.55,2026-09-11T11:37:45,CLOSED,2026-09-15T09:31:50,BROKER_RECONCILED_CLOSE,9.5,114.33,9.5,-0.1774891774891775,,2026-09-15T09:31:50,66.0,,-0.0044616572243519,11.55,2026-09-15T19:50:38,9.56,2026-09-15T19:50:38,KEEP STOP,0.0
P000066,34d5977d-6e43-4139-bd76-4aa31dd9b437,5396962124.0,OXY,Long Call,2026-11-20,60.0,2,4.3,2026-09-11T11:37:07,CLOSED,2026-09-15T09:55:27,BROKER_RECONCILED_CLOSE,5.6,61.78,5.6,0.3023255813953488,,2026-09-15T09:55:27,66.0,,-0.0044616572243519,5.82,2026-09-15T19:50:38,5.06,2026-09-15T19:50:38,RAISE STOP,0.1767441860465115
P000067,5824bcc1-f630-4f99-b4d4-437c3a028c57,5397553857.0,BAC,Long Call,2026-11-20,62.5,3,2.61,2026-09-14T11:05:54,CLOSED,2026-09-14T13:10:41,BROKER_RECONCILED_STOP,2.37,,2.37,-0.0919540229885057,,2026-09-14T13:10:41,67.0,,,2.61,2026-09-14T11:05:54,2.37,2026-09-14T10:37:20,KEEP STOP,0.0
P000068,ffd0f864-7660-44e8-a55b-190aa3406255,5397556334.0,INTC,Long Call,2026-11-20,97.5,1,10.95,2026-09-14T11:06:33,CLOSED,2026-09-16T09:41:43,BROKER_RECONCILED_CLOSE,15.3,97.14,15.3,0.397260273972603,,2026-09-16T09:41:43,65.0,,-0.0045867942382504,13.43,2026-09-16T10:37:16,11.82,2026-09-16T10:37:16,RAISE STOP,0.0794520547945205
P000069,ecb26e4c-f781-44fa-a1d0-4a2eb275bcd1,5397556392.0,AAPL,Long Call,2026-11-20,355.0,1,7.45,2026-09-14T11:07:15,CLOSED,2026-09-15T09:37:28,BROKER_RECONCILED_CLOSE,6.5,333.08,6.5,-0.1275167785234899,,2026-09-15T09:37:28,66.0,,,7.58,2026-09-15T19:50:38,6.54,2026-09-15T19:50:38,KEEP STOP,0.0
P000070,bb39e404-ccca-4968-8024-b7091f8e85c6,5397558731.0,CVX,Long Call,2026-11-20,220.0,1,7.95,2026-09-14T11:07:56,CLOSED,2026-09-14T14:53:21,BROKER_RECONCILED_STOP,7.4,,7.4,-0.0691823899371068,,2026-09-14T14:53:21,67.0,,,7.95,2026-09-14T11:07:56,7.39,2026-09-14T10:37:20,KEEP STOP,0.0
P000071,b7e2df8c-b430-4441-89a9-d5eeb0dd3161,5397558763.0,C,Long Call,2026-11-20,135.0,1,7.25,2026-09-14T11:08:33,CLOSED,2026-09-14T13:42:56,BROKER_RECONCILED_STOP,6.4,,6.4,-0.117241379310345,,2026-09-14T13:42:56,67.0,,,7.25,2026-09-14T11:08:33,6.4,2026-09-14T10:37:20,KEEP STOP,0.0
P000072,3e5a30b6-5afd-4ea4-824f-17f0a057160c,5397561401.0,WFC,Long Call,2026-11-20,90.0,2,3.8,2026-09-14T11:09:05,CLOSED,2026-09-14T11:36:20,BROKER_RECONCILED_STOP,3.5,,3.5,-0.0789473684210526,,2026-09-14T11:36:20,67.0,,,3.8,2026-09-14T11:09:05,3.49,2026-09-14T10:37:20,KEEP STOP,0.0
P000073,949aa458-2cd3-4559-b018-489940dfbf8d,,CVX,Long Call,2026-11-20,220.0,1,8.65,2026-09-16T09:31:03,CLOSED,2026-09-16T09:42:50,BROKER_RECONCILED_STOP,8.15,,8.15,-0.0578034682080924,,2026-09-16T09:42:50,65.0,,,8.65,2026-09-16T09:31:03,,,,
P000074,1f85faa7-8baf-4526-b011-5045f3ea9649,,KO,Long Call,2026-11-20,90.0,3,2.74,2026-09-16T09:31:08,CLOSED,2026-09-16T15:18:21,BROKER_RECONCILED_STOP,2.39,,2.39,-0.1277372262773722,,2026-09-16T15:18:21,65.0,,,2.74,2026-09-16T09:31:08,,,,
P000075,cf250956-83e7-45a6-a8b9-9982f49ae36d,,C,Long Call,2026-11-20,135.0,1,8.25,2026-09-16T09:32:07,CLOSED,2026-09-16T14:27:21,BROKER_RECONCILED_STOP,6.95,,6.95,-0.1575757575757576,,2026-09-16T14:27:21,65.0,,,8.25,2026-09-16T09:32:07,,,,
P000076,7da66a95-3bbe-4327-81df-305f51e58239,,WFC,Long Call,2026-11-20,90.0,2,3.9,2026-09-16T09:32:25,CLOSED,2026-09-16T09:35:57,BROKER_RECONCILED_STOP,3.6,,3.6,-0.0769230769230768,,2026-09-16T09:35:57,65.0,,,3.9,2026-09-16T09:32:25,,,,
P000077,,,GOOG,Long Call,2026-11-20,370.0,1,10.4,2026-09-16T09:35:53,CLOSED,2026-09-16T09:46:42,BROKER_RECONCILED_STOP,9.85,,9.85,-0.0528846153846154,,2026-09-16T09:46:42,65.0,,,10.4,2026-09-16T09:35:53,,,,
P000078,b4d42107-31be-460f-925c-d89b7b377964,,XOM,Long Call,2026-11-20,165.0,1,8.6,2026-09-16T12:00:16,CLOSED,2026-09-16T15:23:13,BROKER_RECONCILED_STOP,7.6,,7.6,-0.1162790697674418,,2026-09-16T15:23:13,65.0,,,8.6,2026-09-16T12:00:16,,,,
P000079,a7b9834e-a433-4686-9f76-055e82f107c3,,AAPL,Long Call,2026-11-20,350.0,1,8.75,2026-09-16T13:27:06,CLOSED,2026-09-17T09:49:40,BROKER_RECONCILED_STOP,7.75,332.41,7.75,-0.1142857142857143,,2026-09-17T09:49:40,64.0,,,8.75,2026-09-17T10:36:23,7.0,2026-09-17T10:36:23,KEEP STOP,0.0
P000080,f20f3f07-ff3d-4a59-be84-4f7950a122b0,,C,Long Call,2026-11-20,145.0,3,3.5,2026-09-16T13:30:00,CLOSED,2026-09-16T14:48:41,BROKER_RECONCILED_STOP,2.83,,2.83,-0.1914285714285714,,2026-09-16T14:48:41,65.0,,,3.5,2026-09-16T13:30:00,,,,
P000081,2996da4c-f49a-4ad1-a7f6-364e58308a74,,HOOD,Long Call,2026-11-20,110.0,1,10.25,2026-09-16T13:30:43,CLOSED,2026-09-16T15:11:43,BROKER_RECONCILED_STOP,8.7,,8.7,-0.1512195121951219,,2026-09-16T15:11:43,65.0,,,10.25,2026-09-16T13:30:43,,,,
P000082,6348873e-8f11-4a50-92dd-d177cf62fa9c,,WFC,Long Call,2026-11-20,95.0,3,1.79,2026-09-16T13:35:15,CLOSED,2026-09-16T14:48:43,BROKER_RECONCILED_STOP,1.59,,1.59,-0.1117318435754189,,2026-09-16T14:48:43,65.0,,,1.79,2026-09-16T13:35:15,,,,
P000083,a55f3d88-19e0-4c16-858d-c6df1588e2d1,,CF,Long Call,2026-11-20,135.0,1,10.2,2026-09-16T13:37:24,CLOSED,2026-09-18T10:12:32,BROKER_RECONCILED_CLOSE,8.45,133.82,8.45,-0.1715686274509804,,2026-09-18T10:12:32,63.0,,0.0113387706385519,10.25,2026-09-18T10:36:22,8.16,2026-09-18T10:36:22,KEEP STOP,0.0
P000084,,,CMCSA,Long Call,2026-12-18,25.0,3,1.12,2026-09-16T13:38:26,CLOSED,2026-09-16T13:38:28,BROKER_RECONCILED_STOP,1.11,,1.11,-0.0089285714285713,,2026-09-16T13:38:28,93.0,,,1.12,2026-09-16T13:38:26,,,,
P000085,38a642d9-7c3b-4d95-8d0e-e561a026ff49,,MO,Long Call,2026-12-18,70.0,2,4.05,2026-09-16T13:46:28,CLOSED,2026-09-17T10:12:34,BROKER_RECONCILED_STOP,3.4,70.1,3.4,-0.1604938271604937,,2026-09-17T10:12:34,92.0,,,4.05,2026-09-17T10:36:23,3.24,2026-09-17T10:36:23,KEEP STOP,0.0
P000086,e2b92718-bad6-4f70-aebc-f6f47879d25a,,HPE,Long Call,2026-11-20,55.0,1,6.85,2026-09-16T14:01:23,CLOSED,2026-09-17T10:13:23,BROKER_RECONCILED_CLOSE,9.5,56.68,9.5,0.3868613138686132,,2026-09-17T10:13:23,64.0,,,10.33,2026-09-17T10:36:23,8.59,2026-09-17T10:36:23,RAISE STOP,0.2540145985401461
P000087,51a58c63-0889-4bb8-a111-9d0d5b5fd345,,ABBV,Long Call,2026-11-20,270.0,1,9.55,2026-09-16T14:54:36,CLOSED,2026-09-21T12:49:59,BROKER_RECONCILED_CLOSE,9.75,263.96,9.75,0.0209424083769633,,2026-09-21T12:49:59,60.0,,0.0101319541144487,10.55,2026-09-21T10:52:53,9.75,2026-09-21T10:52:53,RAISE STOP,0.0209424083769633
P000088,0deb24ab-3a25-4c91-8696-9d8d4b6b4104,,MO,Long Call,2026-12-18,70.0,1,3.25,2026-09-17T11:10:55,CLOSED,2026-09-18T09:32:32,BROKER_RECONCILED_CLOSE,2.87,69.7,2.87,-0.1169230769230769,,2026-09-18T09:32:32,91.0,,,3.53,2026-09-18T10:36:22,2.6,2026-09-18T10:36:22,KEEP STOP,0.0
P000089,0da0175b-c4eb-40a6-8180-de3f0d1a5800,,APA,Long Call,2026-12-18,45.0,2,4.5,2026-09-17T11:11:32,CLOSED,2026-09-18T10:37:16,BROKER_RECONCILED_CLOSE,4.4,45.46,4.4,-0.0222222222222221,,2026-09-18T10:37:16,91.0,,,4.7,2026-09-18T10:36:22,3.6,2026-09-18T10:36:22,KEEP STOP,0.0
P000090,c8566e74-e50f-4383-9780-fe411e877899,,HPQ,Long Call,2026-11-20,34.0,3,2.54,2026-09-17T11:12:23,CLOSED,2026-09-18T09:32:17,BROKER_RECONCILED_CLOSE,3.5,34.66,3.5,0.3779527559055118,,2026-09-18T09:32:17,63.0,,,3.35,2026-09-18T10:36:22,2.63,2026-09-18T10:36:22,RAISE STOP,0.0354330708661416
P000091,54a99823-b029-4b35-8738-7557174a7f5c,,CVX,Long Call,2026-11-20,220.0,1,6.45,2026-09-17T11:13:08,CLOSED,2026-09-18T15:16:22,BROKER_RECONCILED_CLOSE,5.35,211.57,5.35,-0.1705426356589148,,2026-09-18T15:16:22,63.0,,,6.48,2026-09-18T10:36:22,5.16,2026-09-18T10:36:22,KEEP STOP,0.0
P000092,fa9e58a1-a43d-4ecf-96d8-a3cea39b8309,,PSKY,Long Call,2026-12-18,11.0,3,1.11,2026-09-17T11:14:26,CLOSED,2026-09-18T10:38:30,BROKER_RECONCILED_CLOSE,0.98,10.62,0.98,-0.1171171171171172,,2026-09-18T10:38:30,91.0,,,1.12,2026-09-18T10:36:22,0.89,2026-09-18T10:36:22,KEEP STOP,0.0
P000093,61a34d51-c018-42e7-a41c-10366c3cc767,,INTC,Long Call,2026-11-20,115.0,1,11.1,2026-09-17T11:17:36,CLOSED,2026-09-18T10:44:47,BROKER_RECONCILED_CLOSE,9.25,108.8,9.25,-0.1666666666666666,,2026-09-18T10:44:47,63.0,,,11.1,2026-09-18T10:36:22,8.88,2026-09-18T10:36:22,KEEP STOP,0.0
P000094,a5169224-a13b-4e22-94fb-8352b46f5046,,AAPL,Long Call,2026-11-20,345.0,1,9.85,2026-09-18T10:40:56,CLOSED,2026-09-22T09:31:01,BROKER_RECONCILED_CLOSE,13.7,338.98,13.7,0.3908629441624365,,2026-09-22T09:31:01,59.0,,0.0155049954705982,12.48,2026-09-22T20:02:44,11.23,2026-09-22T20:02:44,RAISE STOP,0.1401015228426396
P000095,77df7626-3cdb-4648-bd41-e374a64a7426,,XOM,Long Call,2026-11-20,170.0,2,5.4,2026-09-18T10:41:37,CLOSED,2026-09-21T09:31:13,BROKER_RECONCILED_CLOSE,4.5,163.54,4.5,-0.1666666666666667,,2026-09-21T09:31:13,60.0,,,5.4,2026-09-21T10:52:53,4.48,2026-09-21T10:52:53,KEEP STOP,0.0
P000096,3af70a9d-2bc3-4aeb-b461-403e65d4a6a8,,NOW,Long Call,2026-11-20,140.0,1,11.7,2026-09-18T10:42:21,CLOSED,2026-09-21T10:58:24,BROKER_RECONCILED_CLOSE,12.5,135.47,12.5,0.0683760683760683,,2026-09-21T10:58:24,60.0,,,12.3,2026-09-21T10:52:53,9.79,2026-09-21T10:52:53,KEEP STOP,0.0
P000097,4e5f9233-0470-4dcd-b3f3-5b688bcc4f77,,PLTR,Long Call,2026-11-20,200.0,1,8.2,2026-09-18T10:42:49,CLOSED,2026-09-22T09:31:09,BROKER_RECONCILED_CLOSE,11.3,183.09,11.3,0.378048780487805,,2026-09-22T09:31:09,59.0,,0.0155049954705982,11.48,2026-09-22T20:02:44,9.84,2026-09-22T20:02:44,RAISE STOP,0.2000000000000001
P000098,be3e7332-3146-4908-84cf-c38285b883f0,,NVDA,Long Call,2026-11-20,230.0,1,9.05,2026-09-18T10:40:06,CLOSED,2026-09-21T12:32:16,BROKER_RECONCILED_CLOSE,12.25,222.27,12.25,0.3535911602209944,,2026-09-21T12:32:16,60.0,,,11.2,2026-09-21T10:52:53,9.8,2026-09-21T10:52:53,RAISE STOP,0.0828729281767954
P000099,e6e77432-c9ef-45de-963f-068992b6b095,,DVN,Long Call,2026-11-20,50.0,3,2.51,2026-09-18T10:51:19,CLOSED,2026-09-21T09:31:10,BROKER_RECONCILED_CLOSE,2.06,48.61,2.06,-0.1792828685258963,,2026-09-21T09:31:10,60.0,,,2.51,2026-09-21T10:52:53,2.13,2026-09-21T10:52:53,KEEP STOP,0.0
P000100,fbbbf924-5989-4536-8bfe-7b92741016e1,,GOOGL,Long Call,2026-11-20,380.0,1,11.45,2026-09-21T11:02:56,CLOSED,2026-09-23T09:31:22,BROKER_RECONCILED_CLOSE,10.0,351.16,10.0,-0.1266375545851528,,2026-09-23T09:31:22,58.0,,-0.0001551389786683,11.8,2026-09-23T10:38:04,9.16,2026-09-23T10:38:04,KEEP STOP,0.0
P000101,3813d613-4d8b-452f-9d4c-4a42bfd6aec3,,CVX,Long Call,2026-11-20,210.0,1,7.6,2026-09-21T11:02:08,CLOSED,2026-09-22T09:31:09,BROKER_RECONCILED_CLOSE,5.85,203.67,5.85,-0.2302631578947368,,2026-09-22T09:31:09,59.0,,,7.6,2026-09-22T20:02:44,6.08,2026-09-22T20:02:44,KEEP STOP,0.0
P000102,a1fe5052-bbaa-4ec1-98a0-d2bb879e8ce4,,GOOG,Long Call,2026-11-20,380.0,1,9.8,2026-09-21T11:02:55,CLOSED,2026-09-22T12:32:23,BROKER_RECONCILED_CLOSE,8.75,350.87,8.75,-0.1071428571428572,,2026-09-22T12:32:23,59.0,,,10.22,2026-09-22T20:02:44,7.84,2026-09-22T20:02:44,KEEP STOP,0.0
P000103,a603f864-1409-491e-b3d2-2a1ddc1241c3,,APA,Long Call,2026-12-18,45.0,3,3.6,2026-09-21T11:11:17,CLOSED,2026-09-22T13:58:30,BROKER_RECONCILED_CLOSE,2.99,43.81,2.99,-0.1694444444444444,,2026-09-22T13:58:30,87.0,,,3.6,2026-09-22T20:02:44,2.88,2026-09-22T20:02:44,KEEP STOP,0.0
P000104,3172a362-64c1-485e-bb1c-eebbd0419463,,GILD,Long Call,2026-11-20,150.0,1,9.1,2026-09-21T11:05:17,CLOSED,2026-09-25T09:31:36,BROKER_RECONCILED_CLOSE,7.5,150.93,7.5,-0.17582417582417575,,2026-09-25T09:31:36,53.0,,-0.0027795733678086,10.25,2026-09-28T10:38:55,9.22,2026-09-28T10:38:55,KEEP STOP,0.0131868131868133
P000105,ac9a5ab1-bb05-44e2-9200-fe101d3e8490,,AAPL,Long Call,2026-11-20,350.0,1,8.9,2026-09-23T10:41:24,CLOSED,2026-09-25T10:11:47,BROKER_RECONCILED_CLOSE,7.85,341.07,7.85,-0.1179775280898877,,2026-09-25T10:11:47,53.0,,0.0046105156223545,9.75,2026-09-28T10:38:55,7.85,2026-09-28T10:38:55,KEEP STOP,0.0
P000106,3c8d95e6-0087-48b0-9dc4-38f85d604ecd,,FCX,Long Call,2026-11-20,75.0,2,4.4,2026-09-23T10:46:10,CLOSED,2026-09-24T10:44:56,BROKER_RECONCILED_CLOSE,4.2,72.58,4.2,-0.0454545454545455,,2026-09-24T10:44:56,57.0,,,4.67,2026-09-24T10:38:09,3.52,2026-09-24T10:38:09,KEEP STOP,0.0
P000107,d5e5f55e-f8f3-44c6-a7ea-91801f1fe846,,MRK,Long Call,2026-11-20,150.0,1,7.85,2026-09-23T10:43:19,CLOSED,2026-09-24T10:45:21,BROKER_RECONCILED_CLOSE,8.5,148.08,8.5,0.0828025477707006,,2026-09-24T10:45:21,57.0,,,8.45,2026-09-24T10:38:09,6.6,2026-09-24T10:38:09,KEEP STOP,0.0
P000108,1473bfd1-f033-4462-ab70-6ff2beba33a0,,NVDA,Long Call,2026-11-20,230.0,1,11.9,2026-09-23T10:40:46,CLOSED,2026-09-24T09:31:54,BROKER_RECONCILED_CLOSE,10.15,225.51,10.15,-0.1470588235294118,,2026-09-24T09:31:54,57.0,,,11.9,2026-09-24T10:38:09,10.16,2026-09-24T10:38:09,KEEP STOP,0.0
P000109,eee9abeb-608d-4c39-ac08-8b9a5267ef37,,PG,Long Call,2026-11-20,150.0,2,4.05,2026-09-23T10:42:40,CLOSED,2026-09-24T10:45:30,BROKER_RECONCILED_CLOSE,4.1,147.39,4.1,0.0123456790123457,,2026-09-24T10:45:30,57.0,,,4.05,2026-09-24T10:38:09,3.53,2026-09-24T10:38:09,KEEP STOP,0.0
P000110,71fc8aef-2bbc-4afe-9142-b2e9f72b6d44,,ABBV,Long Call,2026-11-20,270.0,1,10.35,2026-09-24T10:48:22,CLOSED,2026-09-25T10:01:30,BROKER_RECONCILED_CLOSE,8.35,264.34,8.35,-0.19323671497584538,,2026-09-25T10:01:30,53.0,,0.0054354910190569,10.35,2026-09-28T10:38:55,8.38,2026-09-28T10:38:55,KEEP STOP,0.0
P000111,40781c62-eda1-4487-b717-0a4737124922,,NOW,Long Call,2026-11-20,145.0,1,10.8,2026-09-24T10:48:28,CLOSED,2026-09-28T09:31:06,BROKER_RECONCILED_CLOSE,6.25,135.62,6.25,-0.4212962962962963,,2026-09-28T09:31:06,53.0,,0.0054354910190569,10.8,2026-09-28T10:38:55,9.07,2026-09-28T10:38:55,KEEP STOP,0.0
P000112,afa63915-4849-4f56-ae90-6300da8d447f,,HPE,Long Call,2026-12-18,65.0,1,7.35,2026-09-24T11:06:06,CLOSED,2026-09-25T15:54:47,BROKER_RECONCILED_CLOSE,7.5,62.94,7.5,0.020408163265306145,,2026-09-25T15:54:47,81.0,,0.0054354910190569,8.25,2026-09-28T10:38:55,7.53,2026-09-28T10:38:55,KEEP STOP,0.0244897959183674
P000113,0f42eed8-9112-4797-8f43-3079cd1d76fb,,BA,Long Put,2026-11-20,195.0,1,8.75,2026-09-24T10:49:28,CLOSED,2026-09-25T11:58:33,BROKER_RECONCILED_CLOSE,7.6,198.07,7.6,-0.13142857142857145,,2026-09-25T11:58:33,53.0,,0.0054354910190569,12.38,2026-09-28T10:38:55,10.57,2026-09-28T10:38:55,RAISE STOP,0.2079999999999999
P000114,5524b2d7-5849-49d6-9a55-4664d5d0f1ac,,GOOG,Long Put,2026-11-20,320.0,1,10.4,2026-09-24T12:15:56,CLOSED,2026-09-25T09:32:48,BROKER_RECONCILED_CLOSE,8.9,341.08,8.9,-0.14423076923076927,,2026-09-25T09:32:48,53.0,,0.0054354910190569,10.4,2026-09-28T10:38:55,9.01,2026-09-28T10:38:55,KEEP STOP,0.0
P000115,f7aefdbd-9fdd-432b-a458-97138d4e54d9,,APH,Long Call,2026-11-20,80.0,1,7.0,2026-09-24T10:50:20,CLOSED,2026-09-28T09:33:40,BROKER_RECONCILED_CLOSE,8.2,84.09,8.2,0.17142857142857126,,2026-09-28T09:33:40,53.0,,0.0054354910190569,8.55,2026-09-28T10:38:55,7.54,2026-09-28T10:38:55,KEEP STOP,0.0771428571428571
P000116,2c3c910f-99da-46ce-837b-26319652f1d2,,FAST,Long Call,2026-11-20,52.5,3,1.79,2026-09-24T10:50:58,CLOSED,2026-09-25T10:03:03,BROKER_RECONCILED_CLOSE,1.52,50.43,1.52,-0.15083798882681565,,2026-09-25T10:03:03,53.0,,0.0054354910190569,1.79,2026-09-28T10:38:55,1.52,2026-09-28T10:38:55,KEEP STOP,0.0
P000117,a363c3ff-2688-4c4a-8ef0-627fcb6e7ef5,,PM,Long Call,2026-11-20,190.0,1,10.4,2026-09-24T10:54:00,CLOSED,2026-09-25T09:31:11,BROKER_RECONCILED_CLOSE,8.8,190.48,8.8,-0.15384615384615385,,2026-09-25T09:31:11,53.0,,0.0054354910190569,10.4,2026-09-28T10:38:55,8.94,2026-09-28T10:38:55,KEEP STOP,0.0
P000118,fdb71ad0-9166-416e-95ee-810594eeac99,,PFE,Long Call,2026-11-20,28.0,3,1.2,2026-09-25T11:25:45,OPEN,,,,,1.525,0.27083333333333326,,2026-09-28T16:10:45,53.0,,,1.525,2026-09-28T16:10:45,1.01,2026-09-25T10:37:18,KEEP STOP,0.0
P000119,423e032b-7a86-4f20-8a4b-394cede86ae6,,HOOD,Long Call,2026-11-20,120.0,1,10.6,2026-09-28T11:12:36,OPEN,,,,,10.175,-0.04009433962264142,,2026-09-28T16:10:45,53.0,,,10.6,2026-09-28T16:10:45,9.21,2026-09-28T10:38:55,KEEP STOP,0.0
P000120,fe02ebb8-a5c5-482f-b6d7-867a6abfd8eb,,MRK,Long Call,2026-11-20,150.0,1,7.3,2026-09-25T11:24:28,OPEN,,,,,7.5,0.027397260273972712,,2026-09-28T16:10:45,53.0,,,7.5,2026-09-28T16:10:45,5.95,2026-09-25T10:37:18,KEEP STOP,0.0
P000121,80efa558-5c96-4880-892e-e5d5626068bc,,UBER,Long Put,2026-11-20,70.0,2,4.7,2026-09-28T11:24:19,OPEN,,,,,4.825,0.02659574468085113,,2026-09-28T16:10:45,53.0,,,4.825,2026-09-28T16:10:45,3.95,2026-09-28T10:38:55,KEEP STOP,0.0
P000122,80d1af5c-0d1a-40a1-acd8-887028a7b08f,,NFLX,Long Put,2026-11-20,70.0,3,3.6,2026-09-25T11:09:01,OPEN,,,,,4.45,0.23611111111111116,,2026-09-28T16:10:45,53.0,,,4.45,2026-09-28T16:10:45,3.1,2026-09-25T10:37:18,KEEP STOP,0.0
P000123,76a11436-e1c3-4e3e-b471-f4837d14870a,,NVDA,Long Call,2026-11-20,235.0,1,11.45,2026-09-28T11:12:04,OPEN,,,,,10.5,-0.08296943231441045,,2026-09-28T16:10:45,53.0,,,11.45,2026-09-28T16:10:45,9.99,2026-09-28T10:38:55,KEEP STOP,0.0
P000124,95f9ff1d-86a0-4ad8-9215-d91634afeae0,,DIS,Long Call,2026-11-20,105.0,2,5.5,2026-09-28T11:13:06,OPEN,,,,,5.5,0.0,,2026-09-28T16:10:45,53.0,,,5.5,2026-09-28T16:10:45,4.87,2026-09-28T10:38:55,KEEP STOP,0.0
